{
  "p_min": 0.05476413294672966,
  "p_max": 0.7410744428634644,
  "proba_std_test": 0.21688352525234222,
  "unique_scores_test": 392
}